<?xml version="1.0" encoding="UTF-8"?>
<!DOCTYPE mapper PUBLIC "-//mybatis.org//DTD Mapper 3.0//EN"
        "http://mybatis.org/dtd/mybatis-3-mapper.dtd">
<mapper namespace="com.example.redisdemo.dao.UserDao">

    <select id="queryAll" resultType="com.example.redisdemo.pojo.User">
        select * from user1
    </select>

    <select id="findUserById" resultType="com.example.redisdemo.pojo.User" parameterType="int">
        select * from user1 where uid = #{id}
    </select>

    <update id="updateUser" parameterType="com.example.redisdemo.pojo.User">
        update user1 set userName=#{userName},passWord=#{passWord},salary=#{salary} where uid = #{uid}
    </update>

    <delete id="deleteUserById" parameterType="int">
        delete from user1 where uid = #{id}
    </delete>

</mapper>